{
  "experiment": "FGSM Adversarial Attack",
  "dataset": "Caltech-101",
  "test_samples": 869,
  "num_classes": 101,
  "seed": 42,
  "split_file": "frozen_split_indices.json",
  "epsilons": [
    0.0,
    0.005,
    0.01,
    0.02,
    0.04
  ],
  "attack_space": "[0, 1]",
  "attack_norm": "L-infinity",
  "attack_type": "untargeted",
  "models": {
    "VGG19": {
      "0.0": {
        "accuracy": 0.9355581127733027,
        "fooling_rate": 0.0,
        "clean_conf": 0.9530249238014221,
        "adv_conf": 0.9530249238014221
      },
      "0.005": {
        "accuracy": 0.5995397008055235,
        "fooling_rate": 0.3521288837744534,
        "clean_conf": 0.9530249238014221,
        "adv_conf": 0.8092954158782959
      },
      "0.01": {
        "accuracy": 0.38204833141542005,
        "fooling_rate": 0.57307249712313,
        "clean_conf": 0.9530249238014221,
        "adv_conf": 0.6820166707038879
      },
      "0.02": {
        "accuracy": 0.22784810126582278,
        "fooling_rate": 0.7284234752589183,
        "clean_conf": 0.9530249238014221,
        "adv_conf": 0.6289699673652649
      },
      "0.04": {
        "accuracy": 0.189873417721519,
        "fooling_rate": 0.7686996547756041,
        "clean_conf": 0.9530249238014221,
        "adv_conf": 0.5938498973846436
      }
    },
    "ResNet50": {
      "0.0": {
        "accuracy": 0.9482163406214039,
        "fooling_rate": 0.0,
        "clean_conf": 0.9791532754898071,
        "adv_conf": 0.9791532754898071
      },
      "0.005": {
        "accuracy": 0.5903337169159953,
        "fooling_rate": 0.36478711162255467,
        "clean_conf": 0.9791532754898071,
        "adv_conf": 0.880558967590332
      },
      "0.01": {
        "accuracy": 0.5109321058688148,
        "fooling_rate": 0.4441887226697353,
        "clean_conf": 0.9791532754898071,
        "adv_conf": 0.8383362293243408
      },
      "0.02": {
        "accuracy": 0.4533947065592635,
        "fooling_rate": 0.5017261219792866,
        "clean_conf": 0.9791532754898071,
        "adv_conf": 0.8148398399353027
      },
      "0.04": {
        "accuracy": 0.4476409666283084,
        "fooling_rate": 0.5074798619102416,
        "clean_conf": 0.9791532754898071,
        "adv_conf": 0.7989563345909119
      }
    },
    "DenseNet121": {
      "0.0": {
        "accuracy": 0.9585730724971231,
        "fooling_rate": 0.0,
        "clean_conf": 0.9569111466407776,
        "adv_conf": 0.9569111466407776
      },
      "0.005": {
        "accuracy": 0.3037974683544304,
        "fooling_rate": 0.666283084004603,
        "clean_conf": 0.9569111466407776,
        "adv_conf": 0.7523940801620483
      },
      "0.01": {
        "accuracy": 0.22094361334867663,
        "fooling_rate": 0.7491369390103567,
        "clean_conf": 0.9569111466407776,
        "adv_conf": 0.7132444977760315
      },
      "0.02": {
        "accuracy": 0.16570771001150747,
        "fooling_rate": 0.80897583429229,
        "clean_conf": 0.9569111466407776,
        "adv_conf": 0.6787021160125732
      },
      "0.04": {
        "accuracy": 0.2002301495972382,
        "fooling_rate": 0.7790563866513234,
        "clean_conf": 0.9569111466407776,
        "adv_conf": 0.6526317000389099
      }
    }
  }
}