{
  "VGG19": {
    "0.005": {
      "accuracy": 0.26352128883774456,
      "fooling_rate": 0.6869965477560415,
      "clean_conf": 0.9530249238014221,
      "adv_conf": 0.8701286911964417
    },
    "0.01": {
      "accuracy": 0.06444188722669736,
      "fooling_rate": 0.8883774453394706,
      "clean_conf": 0.9530249238014221,
      "adv_conf": 0.9713166952133179
    },
    "0.02": {
      "accuracy": 0.0333716915995397,
      "fooling_rate": 0.9217491369390104,
      "clean_conf": 0.9530249238014221,
      "adv_conf": 0.9972805976867676
    },
    "0.04": {
      "accuracy": 0.01611047180667434,
      "fooling_rate": 0.9424626006904487,
      "clean_conf": 0.9530249238014221,
      "adv_conf": 0.999872088432312
    }
  },
  "ResNet50": {
    "0.005": {
      "accuracy": 0.15420023014959724,
      "fooling_rate": 0.7997698504027618,
      "clean_conf": 0.9791532754898071,
      "adv_conf": 0.9584216475486755
    },
    "0.01": {
      "accuracy": 0.06444188722669736,
      "fooling_rate": 0.8906789413118527,
      "clean_conf": 0.9791532754898071,
      "adv_conf": 0.9848738312721252
    },
    "0.02": {
      "accuracy": 0.03682393555811277,
      "fooling_rate": 0.9182968929804373,
      "clean_conf": 0.9791532754898071,
      "adv_conf": 0.9959008693695068
    },
    "0.04": {
      "accuracy": 0.020713463751438434,
      "fooling_rate": 0.9355581127733027,
      "clean_conf": 0.9791532754898071,
      "adv_conf": 0.999997615814209
    }
  },
  "DenseNet121": {
    "0.005": {
      "accuracy": 0.0034522439585730723,
      "fooling_rate": 0.9666283084004603,
      "clean_conf": 0.9569111466407776,
      "adv_conf": 0.9804642796516418
    },
    "0.01": {
      "accuracy": 0.0,
      "fooling_rate": 0.9723820483314154,
      "clean_conf": 0.9569111466407776,
      "adv_conf": 0.9960353970527649
    },
    "0.02": {
      "accuracy": 0.0,
      "fooling_rate": 0.9746835443037974,
      "clean_conf": 0.9569111466407776,
      "adv_conf": 0.9945659637451172
    },
    "0.04": {
      "accuracy": 0.0,
      "fooling_rate": 0.9781357882623706,
      "clean_conf": 0.9569111466407776,
      "adv_conf": 0.9974051713943481
    }
  }
}