{
  "model": "SwinBase",
  "dataset": "ImageNet-100",
  "num_samples": 100,
  "inversion_quality": {
    "mean_cosine_sim": 0.9350150000000002,
    "mean_pixel_mse": 0.00386
  },
  "latent_interp": {
    "0.25": 0.09,
    "0.5": 0.14,
    "0.75": 0.38,
    "1.0": 0.63
  },
  "style_transfer": {
    "fooling_rate": 0.5
  },
  "proto_shift": {
    "0.5": 0.1,
    "1.0": 0.08,
    "2.0": 0.1
  },
  "same_class_control": {
    "0.5": 0.13,
    "1.0": 0.08,
    "2.0": 0.07
  },
  "sss_proto_shift": 0.764795,
  "timestamp": "2026-04-12T21:54:21.678397"
}