{
  "seed": 42,
  "split_file": "frozen_split_indices.json",
  "test_samples": 869,
  "num_classes": 101,
  "models": {
    "VGG19": {
      "accuracy": 0.9298043728423475,
      "loss": 0.2909795045852661,
      "per_class_accuracy": {
        "Faces": 0.96875,
        "Faces_easy": 0.9555555555555556,
        "Leopards": 1.0,
        "Motorbikes": 1.0,
        "accordion": 1.0,
        "airplanes": 1.0,
        "anchor": 0.7777777777777778,
        "ant": 0.75,
        "barrel": 0.7142857142857143,
        "bass": 1.0,
        "beaver": 1.0,
        "binocular": 0.6,
        "bonsai": 1.0,
        "brain": 1.0,
        "brontosaurus": 0.5,
        "buddha": 1.0,
        "butterfly": 1.0,
        "camera": 1.0,
        "cannon": 0.8,
        "car_side": 1.0,
        "ceiling_fan": 1.0,
        "cellphone": 1.0,
        "chair": 1.0,
        "chandelier": 1.0,
        "cougar_body": 0.3333333333333333,
        "cougar_face": 1.0,
        "crab": 0.4,
        "crayfish": 0.7692307692307693,
        "crocodile": 0.8333333333333334,
        "crocodile_head": 0.75,
        "cup": 0.8333333333333334,
        "dalmatian": 1.0,
        "dollar_bill": 0.8333333333333334,
        "dolphin": 1.0,
        "dragonfly": 0.6666666666666666,
        "electric_guitar": 0.5714285714285714,
        "elephant": 1.0,
        "emu": 1.0,
        "euphonium": 1.0,
        "ewer": 0.9166666666666666,
        "ferry": 1.0,
        "flamingo": 1.0,
        "flamingo_head": 0.6666666666666666,
        "garfield": 1.0,
        "gerenuk": 0.75,
        "gramophone": 1.0,
        "grand_piano": 1.0,
        "hawksbill": 1.0,
        "headphone": 0.8333333333333334,
        "hedgehog": 1.0,
        "helicopter": 1.0,
        "ibis": 0.75,
        "inline_skate": 1.0,
        "joshua_tree": 0.8571428571428571,
        "kangaroo": 1.0,
        "ketch": 0.7857142857142857,
        "lamp": 0.7142857142857143,
        "laptop": 1.0,
        "llama": 0.8333333333333334,
        "lobster": 0.6666666666666666,
        "lotus": 0.7,
        "mandolin": 1.0,
        "mayfly": 1.0,
        "menorah": 1.0,
        "metronome": 1.0,
        "minaret": 1.0,
        "nautilus": 1.0,
        "octopus": 0.5,
        "okapi": 1.0,
        "pagoda": 1.0,
        "panda": 1.0,
        "pigeon": 1.0,
        "pizza": 1.0,
        "platypus": 0.5,
        "pyramid": 0.9,
        "revolver": 1.0,
        "rhino": 1.0,
        "rooster": 1.0,
        "saxophone": 1.0,
        "schooner": 0.9,
        "scissors": 1.0,
        "scorpion": 0.9230769230769231,
        "sea_horse": 1.0,
        "snoopy": 1.0,
        "soccer_ball": 0.875,
        "stapler": 1.0,
        "starfish": 1.0,
        "stegosaurus": 0.8,
        "stop_sign": 1.0,
        "strawberry": 1.0,
        "sunflower": 0.9166666666666666,
        "tick": 1.0,
        "trilobite": 1.0,
        "umbrella": 1.0,
        "watch": 0.9642857142857143,
        "water_lilly": 1.0,
        "wheelchair": 1.0,
        "wild_cat": 0.8,
        "windsor_chair": 0.8571428571428571,
        "wrench": 1.0,
        "yin_yang": 1.0
      },
      "macro_f1": 0.891217105677284,
      "weighted_f1": 0.9314262126182049
    },
    "ResNet50": {
      "accuracy": 0.9551208285385501,
      "loss": 0.2324628084897995,
      "per_class_accuracy": {
        "Faces": 0.9375,
        "Faces_easy": 0.9555555555555556,
        "Leopards": 1.0,
        "Motorbikes": 1.0,
        "accordion": 1.0,
        "airplanes": 1.0,
        "anchor": 1.0,
        "ant": 0.625,
        "barrel": 1.0,
        "bass": 1.0,
        "beaver": 0.8571428571428571,
        "binocular": 1.0,
        "bonsai": 1.0,
        "brain": 1.0,
        "brontosaurus": 1.0,
        "buddha": 1.0,
        "butterfly": 1.0,
        "camera": 1.0,
        "cannon": 1.0,
        "car_side": 1.0,
        "ceiling_fan": 1.0,
        "cellphone": 1.0,
        "chair": 1.0,
        "chandelier": 0.8888888888888888,
        "cougar_body": 0.3333333333333333,
        "cougar_face": 1.0,
        "crab": 1.0,
        "crayfish": 0.9230769230769231,
        "crocodile": 0.6666666666666666,
        "crocodile_head": 1.0,
        "cup": 0.8333333333333334,
        "dalmatian": 1.0,
        "dollar_bill": 1.0,
        "dolphin": 0.9090909090909091,
        "dragonfly": 0.8888888888888888,
        "electric_guitar": 0.5714285714285714,
        "elephant": 1.0,
        "emu": 1.0,
        "euphonium": 1.0,
        "ewer": 1.0,
        "ferry": 1.0,
        "flamingo": 1.0,
        "flamingo_head": 1.0,
        "garfield": 1.0,
        "gerenuk": 0.75,
        "gramophone": 0.75,
        "grand_piano": 1.0,
        "hawksbill": 1.0,
        "headphone": 1.0,
        "hedgehog": 1.0,
        "helicopter": 1.0,
        "ibis": 1.0,
        "inline_skate": 1.0,
        "joshua_tree": 0.7142857142857143,
        "kangaroo": 1.0,
        "ketch": 0.8571428571428571,
        "lamp": 1.0,
        "laptop": 1.0,
        "llama": 0.8333333333333334,
        "lobster": 0.3333333333333333,
        "lotus": 0.7,
        "mandolin": 1.0,
        "mayfly": 1.0,
        "menorah": 1.0,
        "metronome": 1.0,
        "minaret": 1.0,
        "nautilus": 1.0,
        "octopus": 1.0,
        "okapi": 1.0,
        "pagoda": 1.0,
        "panda": 1.0,
        "pigeon": 1.0,
        "pizza": 1.0,
        "platypus": 1.0,
        "pyramid": 1.0,
        "revolver": 1.0,
        "rhino": 1.0,
        "rooster": 1.0,
        "saxophone": 1.0,
        "schooner": 0.6,
        "scissors": 1.0,
        "scorpion": 0.9230769230769231,
        "sea_horse": 1.0,
        "snoopy": 1.0,
        "soccer_ball": 1.0,
        "stapler": 1.0,
        "starfish": 1.0,
        "stegosaurus": 0.8,
        "stop_sign": 1.0,
        "strawberry": 1.0,
        "sunflower": 1.0,
        "tick": 1.0,
        "trilobite": 1.0,
        "umbrella": 1.0,
        "watch": 0.9642857142857143,
        "water_lilly": 1.0,
        "wheelchair": 1.0,
        "wild_cat": 1.0,
        "windsor_chair": 1.0,
        "wrench": 1.0,
        "yin_yang": 1.0
      },
      "macro_f1": 0.9324056759845367,
      "weighted_f1": 0.9559859413061683
    },
    "DenseNet121": {
      "accuracy": 0.956271576524741,
      "loss": 0.1477835327386856,
      "per_class_accuracy": {
        "Faces": 0.9375,
        "Faces_easy": 0.9555555555555556,
        "Leopards": 1.0,
        "Motorbikes": 1.0,
        "accordion": 1.0,
        "airplanes": 1.0,
        "anchor": 0.8888888888888888,
        "ant": 0.625,
        "barrel": 0.8571428571428571,
        "bass": 0.6666666666666666,
        "beaver": 1.0,
        "binocular": 1.0,
        "bonsai": 1.0,
        "brain": 1.0,
        "brontosaurus": 1.0,
        "buddha": 1.0,
        "butterfly": 1.0,
        "camera": 1.0,
        "cannon": 0.8,
        "car_side": 1.0,
        "ceiling_fan": 1.0,
        "cellphone": 1.0,
        "chair": 1.0,
        "chandelier": 1.0,
        "cougar_body": 0.6666666666666666,
        "cougar_face": 1.0,
        "crab": 0.8,
        "crayfish": 0.7692307692307693,
        "crocodile": 0.5,
        "crocodile_head": 1.0,
        "cup": 1.0,
        "dalmatian": 1.0,
        "dollar_bill": 1.0,
        "dolphin": 1.0,
        "dragonfly": 1.0,
        "electric_guitar": 0.7142857142857143,
        "elephant": 1.0,
        "emu": 1.0,
        "euphonium": 1.0,
        "ewer": 1.0,
        "ferry": 1.0,
        "flamingo": 1.0,
        "flamingo_head": 1.0,
        "garfield": 1.0,
        "gerenuk": 0.75,
        "gramophone": 0.75,
        "grand_piano": 1.0,
        "hawksbill": 1.0,
        "headphone": 0.8333333333333334,
        "hedgehog": 1.0,
        "helicopter": 0.9375,
        "ibis": 0.875,
        "inline_skate": 1.0,
        "joshua_tree": 0.7142857142857143,
        "kangaroo": 1.0,
        "ketch": 0.9285714285714286,
        "lamp": 1.0,
        "laptop": 1.0,
        "llama": 1.0,
        "lobster": 1.0,
        "lotus": 0.8,
        "mandolin": 1.0,
        "mayfly": 1.0,