{
  "0.005": {
    "epsilon": 0.005,
    "clean_accuracy": 0.903,
    "adv_accuracy": 0.745,
    "accuracy_drop": 0.15800000000000003,
    "fooling_rate": 0.165,
    "mean_clean_conf": 0.9297894748672842,
    "mean_adv_conf": 0.8731618841178715,
    "total_samples": 1000
  },
  "0.01": {
    "epsilon": 0.01,
    "clean_accuracy": 0.903,
    "adv_accuracy": 0.659,
    "accuracy_drop": 0.244,
    "fooling_rate": 0.253,
    "mean_clean_conf": 0.9297894748672842,
    "mean_adv_conf": 0.854854074075818,
    "total_samples": 1000
  },
  "0.02": {
    "epsilon": 0.02,
    "clean_accuracy": 0.903,
    "adv_accuracy": 0.579,
    "accuracy_drop": 0.32400000000000007,
    "fooling_rate": 0.333,
    "mean_clean_conf": 0.9297894748672842,
    "mean_adv_conf": 0.8423589206635952,
    "total_samples": 1000
  },
  "0.04": {
    "epsilon": 0.04,
    "clean_accuracy": 0.903,
    "adv_accuracy": 0.522,
    "accuracy_drop": 0.381,
    "fooling_rate": 0.394,
    "mean_clean_conf": 0.9297894748672842,
    "mean_adv_conf": 0.826179156973958,
    "total_samples": 1000
  }
}